{
  "WildMultiplier": [2,3,5],
  "WildMultiplierProb": {
    "3": [0.73,0.25,0.02],
    "13": [0.72,0.23,0.05],
    "23": [0.71,0.235,0.055],
    "123": [0.68,0.25,0.07]
  },
  "VarySymbolName": ["PIC01","PIC02","PIC03","PIC04","PIC05","A","K","Q","J","T","N"],
  "VarySymbolNameProb": {
    "2": [0.15,0.14,0.14,0.14,0.13,0.05,0.05,0.05,0.05,0.05,0.05],
    "3": [0.08,0.09,0.09,0.11,0.13,0.09,0.09,0.08,0.08,0.08,0.08],
    "12": [0.13,0.13,0.13,0.12,0.12,0.08,0.07,0.06,0.06,0.05,0.05],
    "23": [0.09,0.1,0.1,0.11,0.12,0.09,0.09,0.08,0.08,0.07,0.07],
    "123": [0.08,0.09,0.1,0.11,0.12,0.1,0.09,0.09,0.08,0.07,0.07]
  },
  "JackpotProb": [0.000046618101,0.005547553963,0.022190215852,0.069344424538],
  "JackpotBallCountProb":{
    "0": [0.15,0.5,0.35],
    "1": [0.1,0.5,0.4],
    "2": [0.08,0.47,0.45],
    "3": [0.06,0.45,0.49]
  }
}